,PIDN,Ca,P,pH,SOC,Sand
0,09gt9UK5,-0.35171834,-0.0637858,-0.48869258,-0.49626815,0.047968898
1,0BVvxJ6a,0.072693236,0.051755004,0.5146627,-0.0984207,-0.6038942
2,0KbdgApg,-0.08149733,-0.072988205,-0.092412755,0.7207569,-0.5336275
3,0MnuuduB,0.43502694,0.33704978,-0.15714538,2.5120919,-1.1028343
4,0PcIsF9z,-0.36509627,-0.06610913,-0.93459535,-0.07621263,-0.03881544
5,0ShTFLYJ,-0.37787324,-0.2137753,-0.17289783,-0.66917557,0.124203965
6,0XZh9jka,0.48427063,0.5304999,-0.37698457,3.1005516,-1.2516327
7,0Y7Wegri,-0.06796198,0.025676327,0.429686,0.57028353,0.34990734
8,0dTqplIM,0.64076763,0.41001675,0.267789,1.1853433,-0.95942366
9,0lNiZicC,-0.465633,-0.23790349,-0.6943791,-0.57122654,-0.48317337
10,0rGeJ0QN,-0.19432159,0.1228386,-0.25297007,0.8994287,0.38398954
11,0sXI9ytQ,-0.3177991,0.044976678,-0.37712905,-0.58510834,1.2624552
12,0ukt4aP6,0.6074007,0.17239988,1.0006388,-0.35938114,-0.6850837
13,1AGspb8f,-0.35302055,-0.082595676,-0.81859756,0.7866249,-0.7355347
14,1Csy0gvE,-0.26004636,0.09843146,-0.36087662,-0.4550207,0.91461223
15,1Ic2hly1,0.046310574,0.2825397,-0.13745958,0.5068745,0.24305843
16,1PPbaTwt,-0.28084457,-0.083783194,-0.16729468,-0.55388117,-0.47960803
17,1SO5VJNy,-0.14581972,0.20312192,-0.21630716,-0.25106046,0.9529305
18,1arHxK3Y,1.4082652,0.5394919,1.3843668,0.8136016,-0.68755144
19,1fCW4Bba,-0.1286358,0.16488162,-0.123558134,0.2639943,0.21161483
20,1qDZNvIm,-0.29287547,0.088508785,-0.4054017,-0.41044384,0.91498405
21,28LYJC2V,-0.21281576,0.06525522,-0.6406281,1.1354934,-0.6099003
22,2CzACvQq,1.1256776,0.14856605,1.2947695,0.19770814,-0.7394093
23,2FT3crfv,0.35947984,0.37272897,-0.21596211,1.1766893,-0.9362643
24,2Fy2uHVg,-0.48703176,-0.22439125,-0.6512962,-0.45166525,-0.46094584
25,2MkMEApm,0.024613533,0.36526525,0.01238957,-0.1446305,0.85514516
26,2NDGWEOe,1.4264456,0.30582118,1.964295,-0.10679428,-0.79862887
27,2NyyCiqn,-0.1490163,0.19594128,-0.17325768,-0.28309,0.94840866
28,2QRzIb84,1.0125893,0.33057806,1.275155,0.16090433,-0.39364615
29,2QcbdrUZ,-0.1894043,0.031943664,-0.15516284,-0.2838394,0.43638113
30,2YgAimWK,-0.05649657,0.20563856,-0.04912449,-0.008681344,0.5236308
31,2cx85d9H,-0.05199119,-0.08361075,-0.02392989,0.3914528,-0.6265774
32,2homMXMV,-0.21945046,0.08161347,-0.4515208,0.40383917,0.4852298
33,2ldLrUtq,-0.27338636,-0.073095396,-0.73200047,-0.34151107,-0.7524966
34,2nsACW6G,-0.22176929,-0.2108947,-1.1850145,2.472311,-1.0322186
35,2yMbVnWc,0.0534321,0.15511124,0.18808368,4.6032033,-0.36618087
36,36r8sgGQ,-0.2356437,0.08666399,-0.23383203,-0.5127567,0.83397204
37,3NXAXCl3,-0.33067876,-0.15716758,-1.1028606,0.99168336,-0.9670706
38,3QG0z6fl,-0.36748332,-0.13953015,-0.41809973,-0.45222622,-0.3592024
39,3WS8R9qm,0.22829038,0.039287165,-0.8355583,4.2835994,-1.2605788
40,3fRLm8f5,-0.23725915,0.068352185,-0.54813546,0.35665432,0.27896103
41,3mZhp1nQ,-0.19979948,0.01988255,-0.20677587,-0.26942617,0.3663746
42,3pikJXRL,-0.4375439,-0.21913996,-1.170054,0.29108787,-0.9063315
43,3pxOEGHL,-0.27716058,0.082100704,-0.32051474,-0.51533824,0.8456829
44,3ttdV3f5,-0.23590907,-0.097598165,-0.2533678,-0.16296127,-0.15807216
45,3v4X6Mfe,1.0096171,0.22875111,1.7892021,-0.42810416,-0.64415115
46,3wORuPiv,0.01632151,0.1730997,-0.5613516,0.40650895,-1.0557196
47,43EfrxZj,0.17546706,0.16828114,-0.09071954,0.9986321,-0.79499036
48,457Vwm21,0.0935287,0.03185438,0.5198408,0.9779612,-0.2726338
49,46KNnOdx,-0.39447898,-0.09823842,-0.8510865,0.2678798,-0.088562444
50,47TwNsVC,-0.26424405,-0.15706383,-1.2681015,2.7686405,-1.1431373
51,49856RpO,-0.42581743,-0.16372004,-0.89882785,-0.32014415,-0.73217726
52,4Ane1o2N,-0.22093591,0.06622263,-0.31220785,-0.4274073,0.4600263
53,4AyVUgSc,-0.34092936,-0.16799276,-0.4316466,-0.46016318,-0.29873294
54,4B1951On,-0.16726284,-0.039745867,-0.10527091,-0.3902721,-0.78769433
55,4OL39Teo,0.15918726,0.22075129,-0.041069932,1.0421106,-0.67034453
56,4eQ90eLY,0.053042825,0.1409409,-0.3219116,1.1424502,-0.8963791
57,4o5jwMj8,-0.13798352,0.046291847,-0.20556378,-0.40555885,0.22582448
58,4vPgpl2c,-0.30039215,-0.013614887,-0.43431532,-0.4622777,-0.041190088
59,51r9aA0d,-0.32626396,-0.16076156,-0.4942392,-0.44358683,-0.40808845
60,58SmeRoP,0.0026281397,0.049847778,-0.50070995,0.89307594,-0.73920447
61,5HJp1AXn,-0.023255836,0.24101594,-0.509105,1.0156187,-0.37384403
62,5MBZW7fx,0.3165831,0.11440588,0.9475345,-0.23790959,-0.7141246
63,5Nq3gHaP,0.31256843,0.32608342,0.31611723,1.3875349,-0.6722762
64,5RmwFFK3,0.5147317,0.34157035,0.3616314,0.7291036,-0.88028836
65,5Tu5Jbov,-0.40307406,-0.15494151,-0.62034893,-0.13101394,-0.49536946
66,5YEolkev,-0.20707034,-0.025385521,-0.44319975,-0.36235207,-0.68066514
67,5a8sf6QV,-0.022678597,-0.045887407,0.4012108,0.31989855,-0.5147433
68,5eSvmqYm,-0.2863938,-0.12131172,-0.17550477,-0.3792302,-0.2665172
69,5hkN8fiv,-0.29404837,-0.076683186,-0.981225,1.042984,-0.73117435
70,5oK8Gti5,-0.2740816,0.024073774,-0.3080591,-0.4309752,0.46534628
71,5paniGaU,-0.47367248,-0.074565776,-0.6675314,-0.6293779,1.3426223
72,5vsr7ZUP,0.26489046,0.040493876,0.7353589,-0.41642088,-0.5843902
73,60B4xMWI,0.37160888,0.23114915,0.69774085,-0.24969158,-0.2190668
74,64jOUtKy,0.39440006,0.21433236,0.2878377,2.818751,-0.7687696
75,6AJo4xNG,0.0028479132,0.1935013,-0.23237555,0.69042885,-0.19081427
76,6CAvhEte,-0.28913072,-0.060539704,-0.39027086,-0.45881015,-0.36248347
77,6CuGYjT5,2.4581614,0.6272902,1.8709772,0.92940164,-1.1486636
78,6DGH8ujZ,-0.43312693,-0.15378582,-1.0874985,0.33543873,-0.55596185
79,6PzsGdVm,-0.2693285,-0.042812884,-0.74282414,0.6382097,-0.4070093
80,6UcSJMbq,0.85232645,0.41013876,0.9492597,-0.16051504,-0.4588965
81,6WJbkH8U,1.361968,0.321027,1.7190201,-0.10680859,-0.9651402
82,6eUWsVzw,0.13065058,-0.030484807,0.88795745,-0.35052308,-0.6418249
83,6gNyO7Do,0.062414248,-0.011672468,0.11469598,1.0725693,-0.57944155
84,6jT0AyHe,0.18910176,0.14941654,-0.21762119,1.0192462,-0.9355687
85,6nBgCvWu,-0.22249818,-0.015155828,-0.2593535,-0.20098701,0.7117021
86,6ro5mqg6,-0.10352449,0.24078773,-0.33958033,-0.26558924,0.869602
87,6sGqObX4,-0.47573492,-0.21907622,-0.7866258,-0.1792908,-0.7299581
88,6uEGy0n4,2.4968398,0.5157131,2.4758484,0.23951425,-1.0294731
89,7BZ4LxP8,0.11971101,0.06956176,0.13010961,0.12127085,-1.0198694
90,7CmigXKi,-0.35536456,-0.113496214,-0.6216346,-0.57389385,-0.68109024
91,7Ga0LpfR,0.8626307,0.63601077,0.25432354,2.6060226,-0.89183414
92,7PQsFvsG,-0.25321692,-0.036420774,-0.90297264,1.3860793,-0.6668784
93,7aF7nnwn,-0.32379466,-0.17053214,-0.09735942,-0.5513598,0.52969277
94,7asGzfX9,0.22553891,0.31846723,-0.06273306,0.15406606,-0.41718516
95,7cg7C92o,0.24337134,0.28946427,0.14863576,1.4267597,-0.53128964
96,7eOxTpsB,-0.23751114,0.03512245,0.14399359,-0.47477734,0.85611105
97,7ey0v7ma,-0.29045007,-0.10768292,-0.99215394,0.72120076,-1.0197705
98,7gocyrYl,-0.06657562,0.14296836,-0.47979778,1.3490456,-0.54950804
99,7gqR3GoA,-0.28230056,-0.034106072,-0.39517963,-0.364718,-0.05862912
100,7og7aUXB,0.2619595,0.26939324,-0.1012568,0.62800694,-0.7348226
101,7onRfa8F,0.29380473,0.38004398,0.2178451,0.112776466,0.7835333
102,7umkNuxM,0.003043191,0.15359,-0.43090785,0.29364687,-0.5822
103,7vPr9ExD,-0.078110546,-0.0911574,0.15435702,0.4816806,-0.45845476
104,7zNjpCzu,-0.39687222,-0.17596498,-0.49503192,-0.1860666,-0.5351674
105,7ztsQNj3,-0.40884817,-0.16937758,-0.5201974,-0.12437949,-0.404176
106,86gppwMI,-0.3616389,-0.07560546,-0.5294933,-0.0043889526,0.7110485
107,88thAGdL,-0.18149312,-0.108874984,-0.1756431,0.32894912,-0.27705976
108,8GhU8STP,1.5703666,0.396225,1.5176241,0.8960174,-0.94628584
109,8NlzDcWe,-0.33008644,-0.15901026,-0.397645,-0.47432175,-0.107331246
110,8QAejdLW,-0.12522832,-0.09111462,-0.30559346,0.83808255,-0.56033516
111,8RDeFxWM,-0.33030713,-0.03999366,-0.4110682,-0.434042,0.859404
112,8UXP2NBS,-0.31900778,-0.038135115,-0.46202308,-0.68500435,-0.48878235
113,8ZoV3KGT,-0.17331308,-0.07895043,0.13376309,-0.06891833,-0.55380553
114,8ajs2uG8,-0.3455856,-0.09134569,-0.8082808,-0.16815923,-0.8472718
115,8bXnz62p,0.10000522,0.22379068,-0.0074885422,0.84441686,-0.30121073
116,8nO1O1LG,2.1044867,0.51859987,1.6252815,2.0981348,-1.0135082
117,8xE1p8g8,-0.29985717,-0.032148216,-0.642631,-0.4308582,-0.90247333
118,8yMDVMRM,-0.4606239,-0.16319937,-1.0119046,-0.4717059,-0.68759745
119,98R5VaPi,1.0936471,0.3386463,1.2566445,-0.092528775,0.07835307
120,9DcTz2Ua,2.7859275,0.6302951,2.0484152,1.4010761,-0.9683142
121,9G7nfUrK,0.2790653,0.48720777,0.06653288,0.14977619,0.40914103
122,9O6GZ1HT,0.7250061,0.26058647,1.1606346,-0.23949327,-0.7466993
123,9S7fCoAM,-0.20127502,0.013409892,-0.16747634,-0.22318125,0.43495375
124,9iQwmFJR,-0.18809137,-0.03074186,-0.1943213,-0.35187656,-0.6618945
125,A3Mt6SAQ,1.6644834,0.36508933,2.0070226,-0.4652679,0.00394956
126,AJIsQIcV,-0.3151967,-0.09367288,-0.40905237,-0.44454783,-0.4384189
127,AMHKXMh8,2.3433027,0.4595425,2.2003388,0.42848048,-0.9535638
128,ASwA2J4E,-0.11734468,0.20668945,-0.16401675,-0.26374942,0.93407094
129,AaFvEoHq,-0.10305014,0.093886584,0.3362358,-0.48222452,0.52245176
130,AiIPD6hX,-0.07857881,0.10546766,-0.48789367,1.0058166,-0.84049696
131,AsIURvJS,0.047283534,0.10332444,-0.68749833,2.7204273,-1.0835651
132,AsvgbJ0C,-0.1643756,0.04118712,-0.60733336,0.76006126,-0.38931563
133,AxEhbkCM,-0.49477544,-0.22641078,-0.9259718,-0.6502404,-0.62831724
134,B7VPkIpx,0.05629983,0.1461133,0.46075407,-0.44394827,-0.44788995
135,BBwHqHiH,-0.067242265,-0.061575726,-0.14945054,0.95733875,-0.6614397
136,BMyps8hr,-0.077068165,0.031067714,-0.41174084,0.18661495,-0.99709964
137,BUHS4dQw,0.35637483,0.2553109,-0.19718511,3.8247352,-0.86544424
138,BZB3EYWQ,-0.1419545,0.21382597,-0.2056333,-0.0025672112,0.8804073
139,C5UPCZcL,3.1196115,0.5765576,1.8006171,1.4834139,-1.1345963
140,C5gIfQbJ,-0.3393422,-0.21044265,-1.2770905,2.1957753,-0.96925575
141,CDRuu4Pn,-0.3073919,-0.04541292,-0.05773656,-0.5397311,0.78788817
142,CQhTYkqE,0.17410988,0.091756396,0.6181084,0.014284125,-0.7143886
143,CSEobMXv,-0.37227485,-0.2056067,-1.0802608,1.1010605,-0.8479875
144,CYMQE4x0,0.62145287,0.23684764,1.4061445,0.21233389,-0.3607028
145,ChQdtl4J,-0.20885025,0.01982911,-0.16352269,-0.28641543,0.16082463
146,ChnD1nrN,-0.42698053,-0.2198676,-0.6180404,-0.52943707,-0.4779824
147,CvtbbIcq,1.0651487,0.21410105,1.1008899,0.52725476,-0.735267
148,Cxk06b77,0.16047692,0.20321089,0.33026662,0.4350241,-0.58985287
149,D3QD3ZEJ,-0.22439985,0.016217055,-0.40174934,0.3005487,-0.031268567
150,D8J5C6lA,1.266428,0.45817715,1.5162761,0.7286203,-0.85439324
151,DCeQwYfT,-0.0124964975,0.13598806,-0.2180255,0.23122892,-0.46682924
152,DDEftkx3,-0.4161888,-0.00947501,-0.5770006,-0.50659674,1.2781
153,DEwCfeDW,-0.008937143,0.16899462,-0.17086706,0.75083715,-0.37335193
154,DMkIV4oL,-0.36766297,-0.07308051,-0.5359845,-0.49556494,0.67293054
155,DnzGfbxS,0.08078407,0.114018254,-0.14413114,0.59940916,-0.9579309
156,DoZxo6f6,-0.21386518,0.08046074,-0.29401436,-0.2316095,0.37066415
157,DvhBPGIk,-0.18852016,0.047397293,-0.5620149,-0.24423525,-0.52493626
158,Dx7GoUcT,-0.25937754,-0.06354671,-0.34610778,-0.32759386,0.79821354
159,E5hIjohO,0.6957761,0.23987412,0.60966676,2.3200588,-0.8649118
160,E6x4XGHt,-0.19500405,0.039225817,-0.27992296,-0.39347598,0.027160086
161,EDEpAzh1,-0.30510026,-0.034061573,-0.7253983,-0.36405125,-1.1169982
162,ETGudkQt,-0.060339905,0.15131137,-0.13024323,0.0053617265,-0.02422599
163,EUleKrLJ,2.0456598,0.5866453,1.7004303,1.1124715,-0.84146255
164,Ehw2Jz6s,-0.30617544,-0.042528667,-0.50049585,-0.49738008,-0.44705284
165,EjqzC4zH,-0.018793253,0.10332445,0.35286465,-0.54045355,-0.46664715
166,EkMZO3Qj,-0.026948478,0.24384698,-0.14301366,-0.11200403,0.36334816
167,EnoNXWvU,0.9740574,0.41142946,1.1575533,-0.16925153,-0.6047414
168,Epv8ANwr,-0.13997807,0.09732588,-0.4310759,0.39200276,-0.22855426
169,Etro9j0B,0.2475244,0.29542136,0.35664624,0.9185005,-0.6571596
170,F3MIZj76,-0.30043754,-0.039309286,-0.7031167,0.40814102,-0.43191245
171,FB8tU00K,-0.25713733,0.041905195,-0.73777395,0.95042676,-0.5494922
172,FLhxBGMK,0.49238598,0.024727918,0.18071835,1.3891068,-0.5898553
173,FRreR8ka,-0.2159155,0.0033000244,-0.27576703,-0.124690495,0.08948525
174,FXne4oAV,0.69978,0.33794317,0.6959578,0.1580261,-0.7811284
175,FaW764jk,0.18458778,0.26096174,0.31685618,0.31918544,-0.41533506
176,FeAbMXly,-0.37435424,-0.04403059,-0.5889787,-0.5226418,0.74711984
177,FeudaFXn,2.2950757,0.5090165,2.086741,-0.26950538,-1.0832139
178,FldUmFeM,1.5738192,0.26604822,1.447088,-0.021663817,-0.61829
179,Fnv5tfAm,-0.4090339,-0.14568177,-0.62373966,0.1689301,-0.43489695
180,FvrAd3Or,0.32451895,0.19904368,0.5083019,-0.51097214,-0.09826553
181,G48zHffi,0.6585332,0.18977661,1.1039839,-0.42418498,0.04760267
182,G76zCv5N,-0.28177944,-0.027690278,-0.48096666,-0.28953063,0.14041169
183,G7JGUdNf,-0.059979234,-0.12378837,0.30109254,0.05170379,-0.656571
184,GCo6MONx,1.5252013,0.6039256,1.208521,0.9723803,-0.9761299
185,GE0vbpVQ,0.028568134,0.09855725,0.34720713,-0.46560842,-0.3315553
186,GN0DfOqt,0.22020131,0.44675466,0.030851737,0.08196459,0.4132827
187,GNsTAb1v,-0.08184308,0.07428383,-0.71724486,0.3413058,-1.175868
188,GPwmO21z,-0.19227792,0.036016904,-0.49483836,0.14061031,-0.5484959
189,GQYpfLoh,0.524622,0.3571546,0.07289549,1.0283606,-0.93468887
190,GR9knT8n,-0.28631896,-0.065556094,-0.9377368,1.1422678,-0.6317065
191,GXtFFbZy,0.102187455,0.13972601,-0.29283553,0.85076064,-0.5000732
192,GYvzvvFD,-0.4184362,-0.11748755,-0.75141585,0.17943151,-0.031041892
193,GemPjTJ9,-0.18909125,0.050314613,-0.5412971,1.0495827,-0.47917545
194,GkLYRm1K,2.4067643,0.44802925,2.3779557,-0.062608495,-1.0299243
195,GmlqP8eI,-0.54325265,-0.21689199,-1.1472757,-0.81007326,-0.6528923
196,GqkIrOvf,-0.16618899,-0.042855766,-0.51879966,2.1620462,-0.6506621
197,H0fsegPi,-0.31098032,-0.09402274,-0.31537187,-0.37282538,0.2716664
198,H4dHpJjU,2.148823,0.5408059,1.8646147,1.3643084,-0.9929182
199,H5QwJCuU,2.7481706,0.49876645,1.8276691,1.7825636,-0.728564
200,H5uwmSZ0,-0.1552227,0.12636316,-0.32755843,-0.38776845,0.5592829
201,H8MtbVoL,-0.12301938,-0.13916573,0.045616414,0.055388026,-0.51116586
202,H9JrUYnp,-0.18725279,0.031860985,-0.20576678,0.15884271,0.25500953
203,HHYmmHVk,-0.38318416,-0.09223588,-0.39484313,-0.56119406,1.0589187
204,HJ5U4uqL,-0.545556,-0.19078298,-1.1163294,-0.4001525,-0.48650953
205,HNQxYc4w,-0.25068355,-0.021768838,-0.31949365,-0.5828105,0.040448263
206,HQYhKHZ8,-0.41670442,-0.12581027,-0.837267,-0.5392297,-0.53516203
207,HSCMx0MC,-0.33218172,-0.023857161,-0.4349833,-0.38964468,0.88699174
208,HXYuE0fx,2.431306,0.5017578,1.9954753,0.8266755,-1.0759385
209,HdKcxEWr,0.30338913,0.3181719,0.34878057,1.1917801,-0.543562
210,HecW1iCC,-0.19443786,0.01850573,-0.730226,-0.14901964,-1.1210135
211,HpbKB8rv,-0.35192752,-0.19587053,-1.2104446,1.0835465,-0.95812124
212,HrkoYjCg,0.10213997,0.21080825,-0.34789187,2.3046432,-0.70194584
213,I5P2uquT,-0.14245914,0.0064226678,-0.11494087,-0.3463229,-0.73312145
214,I94qkDM7,-0.4383886,-0.15150125,-0.7308256,-0.19660902,0.31735292
215,I9sQbtt8,-0.15125477,-0.037716027,-0.8511388,2.4288747,-0.90083367
216,IFxgw6ZX,-0.1462027,0.07095038,-0.4523999,-0.15944839,-0.6752914
217,IPPPSyoU,-0.37437612,-0.095655456,-0.87973005,0.20819014,-0.645156
218,IQOYQubU,1.6392672,0.42533115,1.3828814,0.69298977,-0.97543246
219,IYNE2SxU,-0.4957246,-0.22899844,-0.7199627,-0.31313938,-0.66361165
220,IZRFk9kN,0.18393357,0.30212712,0.0121925725,0.22154522,-0.4176143
221,Iaq3v0t3,1.8258234,0.37179366,2.0586572,-0.17490575,-0.3261718
222,IbVwu1t6,-0.40067413,-0.12057661,-0.9575226,-0.010608839,-0.49959853
223,IcHKTLyo,-0.11142874,-0.13748991,-0.22507937,0.5781214,-0.5514065
224,IpW80wVB,-0.30812705,-0.06103077,-0.62323606,-0.3148284,-0.16167116
225,Itb0PYUV,2.0099769,0.5675653,1.6688075,1.4901268,-0.9934655
226,J8fpSwS0,-0.13647716,0.13761015,0.15772517,-0.50369114,0.80786645
227,JE1SlbD0,0.9735003,0.5026908,0.58025813,2.984267,-1.053159
228,JEB4McNb,1.2416648,0.3076015,1.5852554,-0.0065285433,-0.940843
229,JEE4QVeQ,-0.24483962,-0.14452091,-0.16037928,-0.3391648,-0.5982493
230,JJSEU2VQ,-0.2898147,0.15194124,-0.3288647,-0.31805152,1.0420333
231,JSsVriP2,0.4146767,0.20338765,0.61776996,-0.5821085,-0.41143128
232,JUvQNiOK,0.33676675,0.2457675,0.78591603,0.008723108,-0.21281654
233,JZbrRtm2,0.98046166,0.3108772,1.2546384,-0.3188365,-0.6779103
234,JcE9G92B,0.25089204,0.33250964,-0.20644957,1.4131476,-0.79029065
235,JnNYpXHr,0.4174754,0.3569099,0.18513581,2.8465285,-0.7347993
236,JzpbnOtz,-0.17910437,0.083391696,-0.020888098,-0.28127864,0.6030434
237,JzzUhPQp,2.473854,0.41189292,2.3486643,0.16542287,-1.001638
238,K05R8dQK,-0.12439754,0.11600073,-0.56347114,1.4585634,-0.62862444
239,K17pG2mG,-0.2215063,-0.113972984,0.6620478,-0.5258717,0.3970009
240,K8BellUe,0.17869747,0.09848312,0.057350114,0.30872658,-1.1032119
241,KJ2eH6rr,0.57123727,0.21943463,0.21734118,1.2783304,-1.06424
242,KJEJ6Glk,0.9673141,0.4733025,0.56699187,2.296694,-1.1183295
243,KSbO0oXS,0.54894936,0.24958813,0.52353704,3.551422,-0.8031865
244,KXtvmd01,-0.15222639,0.16587444,-0.2601728,-0.42447037,0.77090675
245,KYiJqBuJ,-0.03734905,-0.0834601,0.6868295,-0.4120428,-0.618783
246,KmbAyTcE,0.32843572,0.3774154,-0.0380713,0.4260413,-0.65333956
247,KnNyl3rV,0.096921965,0.13203818,0.8976856,-0.43840754,0.4520053
248,Kp2DG8TZ,-0.007705419,0.118648686,0.37834746,-0.44975913,-0.08204447
249,KqQtKWs5,-0.2810563,-0.12923779,-0.17931068,-0.40424603,0.23762982
250,Ku27g63R,3.5713363,0.5040146,2.1295888,1.7945136,-0.87550765
251,L2aTVqDq,-0.30058435,-0.0476776,-0.95423377,1.1915368,-0.7385691
252,L5jvq6G4,-0.2885475,-0.11914716,-0.2019219,-0.4226365,0.30583233
253,L91hYVQl,-0.35204822,-0.18562514,-0.30063012,-0.5091597,-0.3173124
254,LINAMlbA,-0.2667085,0.034671895,-0.515483,1.3395823,0.20916873
255,LJoUNXSx,-0.5089286,-0.20690283,-1.2439907,0.08438223,-0.6150001
256,LLtSiyWD,-0.38484636,-0.10433322,-0.572188,-0.61959445,0.041962765
257,LQJtV8kn,0.08535507,-0.035382643,0.29704544,0.5246685,-0.65562433
258,LW9uddw7,-0.18185388,-0.067362174,-0.895654,1.6199816,-0.98213303
259,LZ6sdBTR,1.2869402,0.39360505,1.360596,0.6858027,-0.915896
260,La2Vhnne,0.27320522,0.17142132,0.23383799,2.5561335,-0.53641915
261,LaUWSq9B,0.48212692,0.2308456,0.3348813,0.99714196,-1.0664029
262,Lk4SfkPQ,0.11442989,0.23076716,-0.6148788,1.0230378,-1.2406242
263,LllC836d,-0.26532373,-0.022162056,-0.53996825,0.3938038,0.04251672
264,LuGiGeWN,-0.35521314,-0.08869969,-0.5717233,0.3130741,0.32366893
265,LzcyHcWa,-0.31067926,0.07939876,-0.42870808,-0.413768,1.0647244
266,M7veP0H4,-0.055638496,0.21912046,-0.07909336,0.18895996,0.5249038
267,MB8aaJUc,-0.29485047,-0.07711195,-0.7310838,1.1267201,-0.22512174
268,MDpe2zuy,-0.48941654,-0.23135868,-0.6329827,-0.33761236,-0.6285364
269,MEzdmEIU,-0.13609721,0.13535608,-0.110683955,-0.38085672,0.52465606
270,MVnhtivm,-0.29320288,-0.047194984,-0.62583685,-0.120657265,-0.38368824
271,MYU7WDis,0.082718775,0.16478944,0.58002275,-0.5591121,-0.17422953
272,MZFqh6yw,2.0088482,0.27952924,1.4778969,0.48094425,-0.5552451
273,Mdgy4SsO,0.67991483,0.36577016,0.3138761,2.20888,-1.0440328
274,Mj8awnzy,-0.10499419,0.13665642,0.38125318,-0.40920037,0.6663035
275,MpFPbUJy,2.5146968,0.5558158,2.2543788,1.3826559,-1.079875
276,Mqk7MFBM,0.06845148,0.32119197,0.24012914,-0.28350398,0.53659457
277,Mqs2t1Eo,-0.22353603,0.037670474,-0.6705329,0.13343571,-1.0523596
278,Mv3jFVxp,-0.12702136,0.11293894,-0.24296542,-0.03282006,0.24357633
279,MxODTXvA,0.40717974,0.044938736,0.039105628,1.7774754,-0.55801356
280,N46PbpPM,-0.35919383,-0.13279815,-0.043602176,-0.6275891,1.4883512
281,N5S5F9Gk,-0.43828654,-0.15372464,-0.75139236,0.21620467,0.37826467
282,NLDg5fqw,0.13796765,0.10981873,-0.3747863,-0.49625185,-0.16145171
283,NOho2ZiM,2.5652153,0.4393934,1.8446939,1.2761519,-1.0161622
284,NUuY7PFU,2.2468584,0.533303,1.7379215,1.7771195,-1.0296665
285,NV1e8AEO,-0.2333697,0.16105998,-0.3325976,-0.07346941,0.94468725
286,NZLXROKC,0.06717034,0.020913895,0.24084304,1.2969712,-0.5526361
287,NaJo7C6o,0.27068853,0.13295366,0.72887224,0.21697876,-0.55883986
288,NgsyGkrO,0.29227173,0.20959169,0.0118354885,1.3048031,-0.92311066
289,NjOx4Zpo,-0.22800756,-0.040162407,-0.954388,2.1079714,-0.9175657
290,NmQoI7x0,2.185613,0.31122345,2.233561,0.08222619,-0.74102074
291,No4wkdLS,-0.38541505,-0.19251579,-0.5100766,-0.5340033,-0.31738865
292,NouMwhOf,0.18323927,0.15349872,-0.27085188,0.53086495,-0.96622515
293,O6YAWd8C,-0.09619718,-0.07341532,-0.24323851,0.6409689,-0.6624957
294,OAXVphSh,1.6364226,0.22842053,1.492803,0.36570123,-0.6980207
295,OJBBhb6Q,-0.34413213,-0.16378327,-0.0732978,-0.666236,0.99527967
296,OSIQXImL,0.8299384,0.2748805,0.82469726,1.2381767,-0.9274475
297,OUUFc5Zz,-0.22768283,0.091973916,-0.3278437,-0.40423205,0.6959329
298,OVk1lquT,0.36096767,0.29867423,0.18604515,2.1032252,-0.7071356
299,OXdRxjzz,-0.29748955,-0.08151372,-0.87995857,0.30412903,-0.70987403
300,OXxW2ekf,0.059391383,0.26590112,-0.3721942,-0.33034647,-0.29053655
301,OXz5OpqR,0.3617732,0.2552961,0.75781685,0.20241868,-0.5825416
302,OcBFW1AX,-0.28392792,-0.03310075,-0.575192,1.3303089,0.20086758
303,Of9V2rpt,-0.0700673,-0.009494967,0.25515345,0.24528682,-0.42411605
304,OfLxPhbG,-0.059325896,0.07906844,-0.09186691,-0.05175002,-0.5829765
305,Ojx2vi48,-0.3220001,-0.1324922,-0.2908627,-0.5320455,0.17177342
306,P3M32iuT,-0.36393598,-0.20391859,-0.2763977,-0.5000236,0.09103694
307,P7olVzrO,-0.18441169,0.05905073,-0.40709776,-0.19812478,-0.0029715754
308,PAPHErnv,-0.4678219,-0.1844145,-1.166109,0.117498875,-0.56934637
309,PBjEtfXb,-0.00486636,0.22529626,-0.04846968,-0.24610732,0.73184407
310,PZGpoBBj,2.3884728,0.4971787,2.3596056,0.11375879,-0.9858296
311,Pc2RrxXS,-0.24679115,-0.040853083,-0.6744122,-0.17844272,-0.7496836
312,PcHQ4FOu,-0.38391858,-0.16309002,-0.5162268,-0.18330494,-0.27169997
313,PeNyTOVN,0.16146344,0.32766178,-0.028007206,0.42352214,-0.07972368
314,PhUPSU53,-0.2100305,0.0056215357,-0.7055882,0.02450241,-0.9974706
315,PmUNeV2O,-0.3832921,-0.17824343,-0.53749174,-0.6035032,-0.10322368
316,PoDJ0uvK,2.5009286,0.5293432,1.7422848,1.41163,-0.80708015
317,PsUJdJdg,0.053803824,0.2160194,-0.32136023,1.131986,-0.68518496
318,Q3xLFx1f,-0.3422073,-0.08936526,-0.89372003,-0.07459776,-0.8840975
319,QBGxCvdM,-0.15017518,-0.1098981,0.20445724,-0.15030706,-0.56456244
320,QCEPyu6L,-0.28620827,-0.0020611517,-0.80264646,0.6151507,-0.71915376
321,QEfwec4s,3.5835478,0.5336796,2.1099224,3.0502234,-0.9462608
322,QZ87Nnr3,-0.15480165,0.12505455,-0.1350306,-0.28240064,0.47887918
323,QlyGN9jv,-0.27091986,0.022936871,-0.32130194,-0.17135222,0.5186154
324,QqgWE1ny,-0.32612333,-0.12395991,-0.42141247,0.3156076,-0.39896947
325,QrjjBpZd,-0.33992165,-0.19600438,-1.1434523,1.4494028,-0.8882658
326,QsaBiX7V,-0.2725868,-0.061580546,-0.19219115,0.18808392,-0.29916164
327,QtBKJuZk,-0.15892547,-0.0052665705,-0.16969988,-0.3962984,-0.49867198
328,QtPRO8OJ,-0.42582116,-0.12909868,-0.5868939,-0.59229803,0.08905081
329,R8XcsFnp,-0.16647868,0.14812335,-0.43295074,-0.059562027,1.0273226
330,RROfRt9z,0.48085904,0.3158864,0.0010714857,1.5782151,-1.1068181
331,RTcbiDGq,-0.3271586,-0.06587728,-0.7301864,-0.39853683,-0.5332132
332,RVidM9g0,0.67136055,0.29537883,1.0128232,-0.51024014,0.39274803
333,RZnQSH19,-0.36755463,0.03695707,-0.54329777,-0.5882008,1.132071
334,Rc4UK7fT,-0.3143875,-0.00707509,-0.5711538,0.75204074,0.12673317
335,RcKBKh6B,-0.04423735,0.22472315,-0.19406302,0.07079362,0.62431234
336,ReM5kDa5,-0.060038216,-0.095604375,0.24111772,0.62143403,-0.47928035
337,RfntsotG,-0.31031707,0.044013202,-0.40577894,-0.55509484,0.83061355
338,RiXMlzXD,-0.30250117,-0.10287646,-0.598145,-0.35310796,-0.6250321
339,Rik83O3m,-0.38218957,-0.1583882,-0.4729702,-0.3632907,-0.33201882
340,S3PCzDzO,0.1170011,0.12037552,0.648014,-0.4372642,-0.6333017
341,S77BviOJ,-0.34924096,-0.1437859,-0.4656211,-0.115392596,-0.16933914
342,SDdvtktF,-0.341345,-0.108733915,-0.8122514,-0.018543737,-0.91599685
343,SHs1AyfM,-0.109945565,0.06323745,-0.10734968,-0.27798617,-0.108654514
344,SO4zQy9k,-0.19744898,0.14969327,-0.24502952,-0.35596,0.8178682
345,SOOBCoiG,-0.43944904,-0.17785056,-0.05475567,-0.79501975,1.4290651
346,SXkkPB7A,-0.12177029,0.19745217,-0.12464979,-0.16361697,1.021474
347,Sa93dGqq,-0.14703041,0.0999359,-0.2792188,2.1556919,0.34457102
348,SonIG72a,-0.23957837,0.08240836,-0.29892665,0.20430043,0.62353545
349,Suf6hIBc,-0.19148926,0.15003872,-0.23339915,-0.35395524,0.96517074
350,Sx2JeSRz,0.121358216,0.134623,0.3932064,0.68209916,-0.35923085
351,T1Tlftr4,0.06140298,0.219044,0.38718173,-0.41099963,0.7313871
352,T7ulR4ci,-0.23404725,0.034830563,0.04160389,-0.4534498,0.6167534
353,TA1NB3Br,-0.06895764,0.23877083,-0.12545583,-0.19636713,0.902312
354,TFZUskaK,0.29610214,0.18354972,-0.054013748,0.48959446,-0.95557386
355,TNL8HGWZ,-0.18454027,-0.15197831,0.0005276231,-0.11620309,-0.5362767
356,TZ8z1GSF,-0.4488714,-0.1756358,-0.692583,-0.44720483,-0.46639317
357,TqhRvkJJ,1.3816959,0.2292075,1.8622777,-0.45388925,-0.88098514
358,TtJCUiY4,-0.12321594,0.2097141,-0.17430395,-0.43690178,0.99524415
359,TwDq0lua,-0.099091075,-0.13119954,0.6128961,-0.24210669,-0.56923187
360,Tzyf02sI,-0.234401,0.04581845,0.33592656,-0.62513345,1.0872658
361,U3yI6ZS5,3.0890694,0.61575073,2.0948117,2.2750268,-1.0419011
362,UBLnXZAN,-0.26784253,-0.17091015,-1.1046835,2.4497857,-0.80641186
363,UBWDzleg,-0.28255758,-0.025659569,-0.6730165,1.1341597,-0.63789093
364,UBqkX6SY,2.2246728,0.4881457,2.1925607,0.4502696,-0.97165513
365,UCIAi1Aj,-0.40883958,-0.19642074,-0.7774175,-0.35887715,-0.66650283
366,UPbXGvCS,-0.08014142,-0.09659482,0.18046331,0.062714644,-0.64882815
367,UeWm1l9F,-0.23241305,0.006387556,-0.7813238,1.2705872,-0.600749
368,UhucscY7,-0.40517756,-0.14329872,-0.92843443,-0.49581814,-1.1242315
369,Uri1SvHV,-0.11848366,-0.08802623,-0.12777123,0.29694682,-0.6365936
370,UzxipGJS,-0.21706712,0.10461397,-0.4177076,-0.3744427,0.6122588
371,V74zfaAQ,-0.1474336,-0.11418697,-0.2846967,0.75485694,-0.60315657
372,VBPxBLTh,1.8661702,0.44789794,1.5918719,1.2558358,-0.96078837
373,VLG7CXYS,-0.11623119,0.1653085,-0.19714898,0.2555817,0.53425133
374,VNk52SpF,-0.2558308,-0.13673896,-1.2974929,2.8208528,-1.1603266
375,VOREKsok,-0.4642966,-0.044568174,-0.7552852,-0.6478772,1.5219641
376,VRhTr5pX,-0.1934704,0.07301011,-0.22087862,-0.5740431,0.46271655
377,VTcG4Kcw,0.024976272,0.23472184,0.21826813,0.08292949,0.6651322
378,VeKiWSbS,-0.10838421,0.17587374,-0.18823235,-0.28471792,0.81225055
379,VnU8nJHU,-0.24078813,-0.061680693,-0.14414307,-0.2444025,-0.113239676
380,VueNCxYv,0.042214382,0.29618984,-0.3573088,-0.02872509,0.19374454
381,VxuQTRUl,-0.33741057,-0.12946516,-0.27089664,-0.33982536,-0.41442993
382,W5lgaocA,1.7231033,0.367317,1.7051463,0.30600542,-0.53107476
383,W5mMq9Ef,-0.20305836,0.0865082,-0.5897925,0.4970559,-0.105792545
384,WDhNqFpS,0.21005954,0.076395,-0.13318802,2.8329577,-0.8334398
385,WE6n1kZi,-0.46161607,-0.16729522,-1.2033572,0.575233,-0.6088248
386,WFk6r3vA,-0.39549404,-0.1595405,-0.47864145,-0.24741146,-0.19696693
387,WFyIrsUR,-0.16184163,-0.08978908,-1.0778093,2.5779223,-1.1107888
388,WG6ZAsqR,-0.39487395,-0.010944408,-0.4980184,-0.58724564,0.9953961
389,WMq3CZQk,-0.34372252,-0.104676336,-1.1220642,1.3792386,-0.94935673
390,WRskmGjh,-0.55079085,-0.27710244,-0.7244099,-0.41594929,-0.6504919
391,WXijSglj,-0.4448653,-0.17140514,-0.9374058,-0.4144228,-0.6920704
392,Wc0stQgu,-0.32506478,-0.12265983,-0.97946525,0.60523987,-0.6762189
393,WewoSCUB,-0.3427161,-0.16793571,-0.31881216,-0.5290055,0.24014245
394,WuHuhHWJ,-0.075015545,0.17784145,0.14684388,-0.48421955,0.83201605
395,Wv7EBtZb,1.7689229,0.45965734,1.8906478,0.87511533,-0.87860435
396,WyPlxDn0,-0.21396358,0.15398684,-0.21844308,-0.31060904,0.85905766
397,X3WqoSNN,2.1636288,0.6122852,1.473085,0.8559704,-1.0759594
398,XDhyP9KB,-0.3625732,-0.13369113,-0.58766735,0.25214428,-0.5586561
399,XQxhDRMG,-0.31621316,-0.03217956,-0.6169411,0.47078934,0.45038515
400,XjLNAwxW,-0.0027641137,0.010991983,-0.302051,1.2664812,-0.84668624
401,XjfVQbXd,1.3113519,0.27957553,1.7948377,0.07461541,-0.73137325
402,Xovczbf6,-0.4459225,-0.077476084,-0.7010005,-0.57673395,1.3536111
403,Y8H4onBf,-0.22514677,-0.07990715,-0.13701466,-0.35864273,0.18365276
404,Y8YgzSZ9,2.554671,0.6286946,1.6260835,1.947825,-0.79098076
405,YC4PNV20,-0.24035875,-0.02828323,-0.28146276,-0.27865836,0.7333556
406,YDHSCRdd,4.066211,0.59697545,2.2038453,3.821679,-1.0197426
407,YIJ87aME,-0.16481496,0.09167411,-0.19164377,0.0795825,-0.24720713
408,YKvT4dFv,-0.28794047,-0.011623915,-0.53898734,-0.30220082,0.1670188
409,YNebALR2,-0.39236563,-0.10330386,-0.710553,0.07600082,0.088432655
410,YNrnqFyb,0.3282817,0.41955742,0.047681335,0.47059727,-0.33010602
411,YUZ4lR3m,-0.25131515,0.04802325,-0.44880277,-0.33723196,0.34939525
412,YYLvjoVC,0.19476132,0.17907679,0.6262056,0.027847467,-0.8162571
413,Yb8OtMb2,0.005234323,-0.06996424,0.23765111,0.4817102,-0.63036674
414,Ycg4lTYw,-0.33739203,-0.22555867,-1.2130926,1.2452077,-1.0183622
415,Yfk6tekH,0.7321614,0.25255632,0.88813585,0.07723167,-0.73471135
416,YoSfgmR6,-0.4384221,-0.18412623,-0.7057393,-0.12092191,-0.58763903
417,YpzFvexy,-0.36893758,-0.11590914,-0.7232844,-0.044660598,-0.6338764
418,Yxqppfa3,0.25856385,0.15669134,-0.09264913,1.6752805,-1.0087277
419,Z16jTUvP,-0.012288822,0.23090371,-0.3965703,0.35400593,-0.1643204
420,Z2BdCCbJ,-0.17502914,0.19392279,-0.16988176,-0.027862469,0.9408277
421,Z2JJMM6V,-0.10445862,0.15194169,-0.28649682,0.03906063,-0.27837104
422,Z5jE1OB5,-0.024611903,0.20516345,-0.20254989,0.32396683,0.1783255
423,ZFsIqYxA,-0.319701,-0.07977898,-0.6708357,-0.17255265,-0.46071896
424,ZHDVsoRh,-0.2610924,-0.025121767,-0.71965015,0.020165158,-0.7428165
425,ZSmfu2Fc,-0.20051093,0.08417918,-0.3977202,0.3875314,-0.084892176
426,ZU8YXF3H,-0.42300344,-0.062470846,-0.6136724,-0.6061815,1.1070247
427,ZXKaNy6Z,-0.3371834,-0.08032352,-0.61874425,-0.46449354,-0.62970865
428,ZbYLo0zK,-0.26190212,-0.11914398,-0.09913647,-0.57854927,-0.6266947
429,ZedN8Gcn,-0.24812797,-0.031163054,-0.7411674,-0.07985897,-0.75685847
430,ZgD4Dau6,0.07714459,0.1497248,-0.008454011,-0.43063635,-0.64618045
431,Zgzf79LA,-0.3587589,-0.16593195,-0.3702326,-0.5501872,0.0060164537
432,ZjqzxDOF,1.00291,0.31800106,1.2728168,0.13950819,-0.67964995
433,ZsZ5aDpq,0.43734926,0.25556192,0.07094802,2.4304945,-1.0091748
434,ZtyqE7If,0.31169257,0.2985933,-0.20258439,0.7362513,-0.92875737
435,ZvUgz01f,-0.15806267,0.025031261,0.45680362,-0.49561882,0.48230028
436,ZwrhgdQV,0.51009035,0.27860478,0.07346729,1.8621324,-0.7881365
437,a7bhJGBU,2.0364075,0.645276,1.4915005,1.1504723,-1.0046798
438,aHpv6KzP,3.1066928,0.5511389,2.0662422,1.8576655,-1.0275955
439,aINzEBVN,-0.33625776,-0.1621575,-0.52107745,-0.48070967,-0.52779895
440,aP9EtTGF,2.9980865,0.45426598,2.3177364,0.40584853,-1.0209323
441,aV6EhtSL,-0.42700067,-0.20832816,-0.5075816,-0.4511876,-0.49292454
442,aVZsXKoH,2.29513,0.5043578,2.2186568,0.10973911,-0.96320623
443,aYVnVJvc,0.20438096,-0.009414806,0.054147247,2.0780804,-0.6243056
444,abCzN1zx,-0.38088483,-0.09744068,-1.1030917,0.84199977,-0.8373701
445,ae7sMiB4,0.19227697,0.25161764,0.07637062,0.34662184,-0.6262149
446,afsVuCGV,-0.087576956,0.21393894,-0.3018649,1.2153386,-0.06148881
447,aiwBQETI,-0.13946638,-0.13513732,0.15296608,-0.055463254,-0.5358535
448,aiyli4EI,2.6886017,0.5397954,1.5058166,2.6824818,-0.7960186
449,apJ7NmzD,2.750892,0.45632833,2.2096968,0.9631051,-0.89911705
450,atVjNMtQ,-0.19535235,-0.1785757,-1.2618716,2.6119661,-1.0814139
451,b5GirVGV,-0.34580654,-0.05474623,-0.46397206,-0.67094386,0.6425878
452,b9SpMjNB,0.01849859,0.31020737,-0.05666999,0.839094,0.6409872
453,bAFs37yy,-0.24076906,0.13948986,-0.31840035,-0.47450194,0.89586043
454,bDia1hHV,0.18653281,0.232574,-0.37514234,1.2304398,-1.0476837
455,bFkv5Mtr,0.011344511,0.0810638,0.14781177,1.0333983,-0.26279458
456,bHe2IXgA,-0.2509073,-0.18478812,-1.3078067,3.2341983,-1.0309765
457,bWX3vUm5,-0.042894598,-0.036432188,-0.03909714,0.92209864,-0.5094484
458,bat8tcGs,-0.02983911,-0.04519487,-0.67930645,0.9148952,-1.0833838
459,bfjej4wu,-0.2788786,-0.11098282,-0.6519236,0.88569057,-0.6270364
460,bh04YDiP,-0.16598767,0.0814417,-0.5020895,0.17404063,-0.32239032
461,c110Fdc8,-0.075516336,0.13446316,-0.20500134,-0.3139129,0.44667462
462,c32GUzMa,-0.371281,-0.1422612,-0.6789094,0.97793645,0.29779792
463,cT6uU0B0,-0.18639255,0.20484164,-0.46666878,-0.21705374,1.0322615
464,cWXCiFwh,-0.5556206,-0.2664865,-0.8518624,-0.45964834,-0.714235
465,ceNvS3yd,-0.34820214,-0.05137847,-0.7779462,0.11827187,-0.089768216
466,cmwdt4Av,1.8372513,0.46136126,1.8268396,0.7148819,-1.014073
467,cn4EHsup,-0.3035088,-0.047441136,-0.7166539,0.26618105,-0.47213227
468,crVOGGTT,0.27006072,0.5289548,0.013610407,0.019513717,0.8644819
469,csPEJ1E5,-0.26970434,-0.12877826,-0.26626378,-0.25169483,-0.053626668
470,d0UrRtMk,-0.31181422,0.06396947,-0.34552103,-0.5811279,1.1103233
471,d6LU4G4I,-0.20984215,-0.0008888785,-0.33922166,1.079184,-0.27611157
472,d74T1DVv,-0.22245388,-0.02890467,-0.89918095,2.1604962,-0.9015379
473,dR6rM1tQ,0.196444,0.14035994,-0.038599145,0.82465446,-1.0682967
474,dUNxOoqg,-0.2921123,-0.11535944,-0.80111796,0.8735433,-0.65711874
475,dUnlyhj7,0.6864647,0.233744,1.3518625,-0.51665807,-0.4190725
476,dVDlnZQ6,-0.42725876,-0.17426364,-1.0999625,0.021683594,-0.83695513
477,dVT26GDu,0.16875811,0.42393258,0.0024110926,0.12819695,0.67478323
478,de43ycXY,1.1758358,0.4032059,1.3064348,-0.18781567,-0.7122569
479,dfIn7m9z,-0.27143854,0.004368077,-0.68533957,-0.14777222,-0.49302328
480,dhmb9ZY9,3.5826857,0.61885417,2.5746062,1.8246864,-1.1507602
481,dn8kCuyf,-0.22300872,-0.033988506,-0.33480597,-0.52593124,-0.5315275
482,dpcquvWW,-0.25479358,0.03318155,-0.4572497,-0.33032602,0.17496045
483,dqcbIMyr,-0.46914026,-0.18909694,-0.82710004,0.10975336,-0.2103286
484,drWgsBf5,-0.1342119,0.022288907,-0.71286905,0.91303825,-0.9755987
485,dytx0HSe,-0.465693,-0.07728587,-0.68330085,-0.6062236,1.1495557
486,e4KkkIha,2.3431878,0.29845336,2.3913212,-0.023110108,-0.8884045
487,e9YorH4m,0.114549264,0.09083835,0.49487793,-0.69909877,0.11316939
488,eB9gVQ0R,0.657142,0.64829826,0.12743223,0.17038031,0.75252104
489,eMhLFqU6,-0.3525457,-0.08493876,-0.6120711,0.49796808,0.002570498
490,eMllg1qm,0.8582964,0.4163811,0.8490949,0.5991355,-0.79903823
491,eNPunZ9i,-0.22978993,0.049152106,-0.45187956,1.8677217,-0.047436334
492,eS5BSM4J,-0.3214079,-0.033117108,-0.20684893,-0.5393474,0.9678754
493,eVGMFoOI,0.1172997,0.12815379,0.37227035,-0.5834422,0.15124516
494,eaIwb3rG,0.09313419,0.3339299,0.094674386,0.45144716,1.0185462
495,eyzw8Vis,-0.20775974,0.0967449,-0.32046232,-0.24847877,0.89268625
496,f04Ke2bN,-0.2640977,0.032814115,-0.4432253,0.095658645,0.44128096
497,f4GA0te1,-0.127825,0.101784505,-0.17279488,-0.52756464,0.32811534
498,f7bd91h5,-0.2567039,0.034996897,-0.12053438,-0.4137976,0.792148
499,fB7z9ndr,-0.119756624,0.18534999,0.102950096,-0.20573786,0.941326
500,fEe7AWFA,0.41159436,0.23436025,-0.12228348,1.2297902,-1.1400073
501,fJJIbgY9,1.3047345,0.36395425,1.7185929,-0.09835756,-0.8666607
502,fQBURMvg,-0.30441535,0.007689055,-0.4001522,-0.21408701,0.9157508
503,fS0HpOub,-0.23927476,0.11098232,-0.33021712,-0.42949226,0.7952602
504,fTDXauuk,0.7954552,0.25860783,0.96631193,-0.21381156,-0.78607416
505,favPNA2N,-0.090193786,0.13964704,-0.2762613,2.2196438,0.16956028
506,g3Fv0U4k,-0.36070523,-0.16184768,-1.0672715,0.9875125,-0.7733563
507,g5PKo2E2,0.14972484,-0.028061582,1.0646396,-0.31404138,-0.50900733
508,gbjnD5fe,-0.10365177,0.21063344,-0.3148963,-0.54392207,0.71600324
509,ge9zqXCv,-0.09500066,-0.028044567,-0.9672664,2.1523185,-1.1571776
510,geeqJpSE,-0.21173353,0.13829596,-0.2909465,-0.5041644,0.9148002
511,gqy1J2RS,0.0125423055,-0.050985962,0.5248276,-0.063887596,-0.6439094
512,grlUtS3H,-0.08960824,0.04160533,-0.52718526,0.60182697,-0.70760345
513,gx965KYj,-0.10934338,0.034308888,-0.5359096,0.54226315,-1.011676
514,h3F08Vjm,-0.23777153,0.009768,0.1402533,-0.3918777,0.94269615
515,h6FQG8Iy,0.036956135,0.29280627,0.12295675,-0.102324784,0.98478115
516,h7ftM8b3,2.2713661,0.42896858,2.1808324,0.2308152,-1.0249972
517,hLrCHXZv,0.04182536,-0.07587774,0.46595243,0.62360036,-0.6044873
518,hQ6VBuFx,0.5325659,0.5998935,0.12286708,0.3452827,0.7761902
519,hYoR2y7w,0.026908886,0.13499472,-0.60413027,0.7447813,-1.1652799
520,hf65yZkM,0.5724884,0.29098618,0.37789002,2.116252,-1.0091549
521,hjuwe1x4,-0.12893917,0.036928177,0.12542342,-0.23991136,0.018427057
522,hyINlsFR,0.2685294,0.40210107,-0.20095016,1.1560618,0.23139696
523,i0Qlm9Bv,-0.062025245,0.20107363,0.28660187,-0.42396998,0.8352411
524,i1VxfxMb,-0.09478498,0.20226823,0.14409356,-0.4641316,0.92880046
525,i2l6jXNP,-0.3827315,-0.061119508,-0.70249367,-0.042993456,0.038687453
526,i4FgPZv7,-0.16930525,0.20998494,-0.22229394,-0.23384544,0.7716303
527,i7XtIkSi,0.016449867,0.16627939,-0.3250789,0.6391631,-0.7149575
528,i9z346Ut,-0.07711353,0.17770022,-0.45277452,1.1808237,0.060500998
529,iDOat4cZ,2.4183106,0.42511582,2.1285098,0.3136209,-0.89907193
530,iNv6RoSO,-0.20713052,0.07026268,-0.33384067,-0.06861134,0.6052978
531,iSL9NYzy,3.6712024,0.6063885,2.0553763,2.911084,-1.080217
532,iSqVc1r8,1.0772327,0.39074,1.1920906,-0.0028122757,-0.69735384
533,iYZMftt6,0.20164716,0.25242698,-0.4165918,0.8043935,-1.1643882
534,ieTPaa3c,-0.35171652,-0.08387364,-0.67686915,-0.091483764,-0.082798146
535,if7BmzU0,-0.24604863,0.14173248,-0.2946375,-0.53370374,1.0465785
536,ihNz5bmx,-0.20833474,0.07050681,-0.46125254,0.8004376,-0.24178205
537,ikJXKdIN,-0.44249797,-0.29958245,-0.2860548,-0.60690486,0.62174475
538,iq2kxikN,-0.22213723,-0.13739562,-0.3431651,-0.036776856,-0.58087295
539,iuZEDJK7,-0.25198418,0.11508586,-0.3049392,-0.5316093,0.915849
540,iyF8gVT7,-0.106320746,0.2076556,-0.24272692,-0.25086614,0.9645684
541,j06qdQ0V,-0.18321975,0.06781989,-0.46811086,-0.13892399,-0.050085533
542,j7hl8svO,0.31869552,0.2782657,-0.25939393,1.3535866,-1.1210166
543,j8hMoJUN,-0.4031523,-0.19844301,-0.5268174,-0.59560484,-0.31081855
544,jNaFasbV,-0.36524284,-0.09489901,-0.91052246,0.99782205,-0.68686885
545,jVVHeYHT,-0.010218857,0.13524835,0.24717462,-0.3576525,-0.11780014
546,jXm4ySvK,-0.14580488,0.175623,-0.23458244,0.21770847,0.5748256
547,juO5ii5l,0.19464658,0.21382809,0.637502,-0.40268135,-0.42641798
548,k2hdEBsU,-0.31464082,-0.06944349,-0.047522444,-0.4928543,0.76685226
549,k3ynMfhN,0.4732232,0.24881077,1.2075576,-0.12621516,0.048823223
550,k9C9yBtr,0.048722316,-0.024113884,0.32048577,0.9166574,-0.56268895
551,kAKRvcRo,-0.41844004,-0.20759927,-1.1322458,0.54142475,-0.8988488
552,kBi3R2oC,0.14375645,0.24997929,-0.0951564,0.14633717,-0.6853985
553,kDWmnsXe,-0.1273023,0.0002330502,0.19188462,-0.31350765,0.11451045
554,kSGBd2Vh,-0.23634286,0.12858237,-0.18572788,-0.53936183,0.929086
555,kT0miHPT,-0.32699734,-0.007139532,-0.4631675,-0.5562079,0.68883383
556,kaW0TfRn,0.007851779,0.21799737,-0.36190104,-0.5827262,-0.0038335265
557,kmg3SowO,-0.28528345,-0.02922216,-0.7903583,0.5830979,-0.4756033
558,kpxKSlnF,2.4948716,0.58623946,1.7260239,1.7236261,-0.61466724
559,ku2cn1MV,1.1747369,0.2398397,1.7221917,0.2248173,-0.8034273
560,l1su5HU9,0.117291585,0.3018181,-0.12975496,0.35583183,-0.15103781
561,l8Tg2RvD,0.08409617,0.22345878,0.2889048,-0.21567875,0.025420433
562,lB6NsVOc,-0.45591307,-0.24120352,-0.021709573,-0.83990216,1.2502942
563,lEcdVyKk,-0.32011783,0.07022657,-0.4469286,-0.2592919,0.94203866
564,lH4TasGl,0.64305085,0.2644236,0.9216055,-0.18905285,-0.7659618
565,lO9aggHW,-0.06974078,0.07160691,-0.034316875,1.15508,0.02529004
566,lW3m9Vzu,-0.12994069,0.11603998,-0.6115805,-0.06712429,-0.71661097
567,lYLseGDP,0.12526354,0.06658993,0.07066838,-0.5456165,-0.42131612
568,lcOnCdZi,0.3656301,0.21123828,0.66956484,-0.18148525,-0.60461456
569,le9YGwON,0.38131428,0.42295033,0.07993491,0.5871926,-0.61874634
570,llMvu3TX,2.8653095,0.4773425,2.4145465,0.022905743,-0.7097057
571,lnHh2jFO,0.9827595,0.33775336,1.2786208,-0.23283224,-0.6560905
572,m07CVXd4,-0.15775232,0.15335496,0.36533412,-0.59196544,1.096191
573,m1lPk91z,-0.10637578,0.14365119,0.50975794,-0.43973988,0.69978493
574,m9IQdmwa,-0.3268188,0.00010911422,-0.4468115,-0.584881,0.8248887
575,mG9BRy5x,-0.26586363,-0.03018097,-0.2917986,0.033288777,0.1679513
576,mVHXnama,-0.26535028,-0.11503588,-0.35440633,-0.4368899,-0.37842315
577,mXyrR6nU,-0.29842076,-0.06076004,-0.287669,-0.42477804,0.1506421
578,mbzNdxNc,-0.17713071,0.060483325,-0.55561423,0.65859365,-0.5941594
579,mntH7g3L,0.9928681,0.35463497,1.1009336,-0.13828032,-0.668494
580,msRTXP3H,-0.16592784,0.11191937,-0.27770367,0.05630169,0.21613003
581,mxBjvIPR,-0.26021662,0.01979897,-0.5491723,-0.4656113,0.14526337
582,n8Opmfbz,2.2754633,0.2083633,1.7393134,0.5302398,-0.76659447
583,nOkgU29Q,-0.18503729,0.02206483,-0.55685997,1.1812766,-0.57134426
584,nhttf7VM,0.3485222,0.27511278,0.56706494,0.5986382,-0.61915934
585,njLbXYa3,-0.29517823,-0.06844904,-0.63154596,-0.37463617,-0.6095451
586,nwkIpzmh,0.5733387,0.1700782,0.9866017,0.03632264,-0.7611833
587,nzB1R9Zg,0.53892684,0.21083689,0.84097123,-0.3466357,-0.39801812
588,o1rZRI84,-0.39602053,-0.10643788,-0.78222054,-0.6912139,-0.9917639
589,o7q5Mbty,0.37385184,0.28448248,-0.17775884,0.9859471,-1.078324
590,oCBvysqB,-0.5321017,-0.25445983,-0.80918497,-0.44074982,-0.72137755
591,oDmycTPH,-0.46895763,-0.3449503,-0.16072959,-0.7434838,1.1920307
592,oFAXZvQv,-0.4488051,-0.19016337,-0.5545768,-0.23223725,-0.33648953
593,oHE3M1zX,-0.087274194,0.114503026,-0.33538064,1.6709614,-0.22971328
594,oMhVmSpV,-0.5481452,-0.23643959,-0.7998519,-0.38602948,-0.50440305
595,oNsDqVbi,1.1614128,0.36530104,1.5564792,-0.06408329,-0.76809794
596,oYAJqQk8,-0.3776491,-0.21766655,-0.0922399,-0.7478837,0.23127998
597,ob5Kb6dW,-0.3527771,0.06581815,-0.47217733,-0.32798392,1.062552
598,obnzqs79,-0.2698363,-0.123607054,-0.27835414,-0.4302639,-0.054463953
599,oncLcgRP,-0.32927898,-0.048040353,-0.69285184,-0.25479507,-0.2747152
600,ooWVYaAe,-0.38432795,-0.17494604,-1.0914958,0.7451082,-0.822959
601,osdyOUnV,-0.28226027,-0.06613968,-0.61020786,1.9995579,-0.16346675
602,p7H9CzCv,-0.17413169,0.044385962,-0.43397534,1.7605395,-0.5745637
603,p7U9hVhY,-0.27858502,0.022850819,-0.3911656,-0.2468675,0.7195579
604,pE6Cf1RV,-0.057088643,0.21503414,-0.053261716,0.0017197039,0.6777952
605,pI7qzotI,-0.035584856,-0.05026777,-0.076508656,1.1699485,-0.4213679
606,pJrIA4sk,-0.28122792,-0.034721144,-0.36917424,-0.5856525,-0.1956131
607,pXne2CLZ,-0.18205224,-0.14024802,-1.0206503,1.9223816,-0.9849536
608,pZMcDIOS,-0.30604535,0.025354998,-0.51245147,-0.580853,0.77277154
609,pavfp3cc,0.115349516,0.07050362,0.6147629,0.020262701,-0.6567997
610,pbQdC5L3,-0.2483757,-0.06370183,-0.27484256,-0.3326541,0.13132203
611,pgj7aAFP,0.075799935,0.3274138,-0.25201005,-0.2866779,0.5346928
612,pxg8G3ed,0.2525468,0.4050072,-0.17658627,0.44098943,0.55312026
613,q36Npk6l,-0.37491286,-0.18002044,-0.3204099,-0.60404706,0.4994193
614,q4aDOVvq,0.22024669,0.10656082,0.5384823,0.4000216,-0.76094025
615,qGmfR9CN,-0.14344028,-0.0022331125,-0.51808554,1.6337347,-0.60473317
616,qJ51ODpA,-0.33239314,-0.078508094,-0.8906026,0.8109631,-0.44410023
617,qQX3cs3I,0.2999188,0.21003956,0.67426467,-0.048459917,-0.66684926
618,qXeIxPb8,-0.2071896,0.17222531,-0.275488,-0.2615279,0.9942466
619,qYQ4MShM,0.34064844,0.24630705,0.003511346,1.4884058,-0.92499226
620,qa0etnhK,0.475154,0.2551968,0.3591061,1.3101063,-0.97933745
621,qbL4sboq,-0.0946906,0.12305735,-0.31568718,0.13657144,-0.53110373
622,qbYrsWHq,1.0948879,0.26159242,1.2031194,0.3733376,-0.563985
623,r1zmcUqQ,0.3399326,0.23781341,0.42336768,-0.26382607,-0.6329133
624,r54iHeQC,-0.23082262,0.10119833,-0.26165044,-0.4633574,0.90342426
625,r6xrAnQV,3.791608,0.30613965,1.710202,1.2862084,-0.63753974
626,r9HxnQDg,0.083074346,0.19622807,0.6717808,0.022608457,0.44650537
627,rG8Puuf9,1.0845377,0.39088684,1.0857357,0.70140374,-0.9492608
628,rGuiefuR,-0.26892793,-0.0047498904,-0.7466281,0.9297391,-0.71849155
629,rJ19OhGP,-0.34368744,0.061018128,-0.4737277,-0.27969795,1.1841449
630,rOCYepHd,0.4089719,0.18486367,0.9165828,-0.3452829,-0.76738274
631,rQJaOPFI,-0.055941116,0.043147385,0.25578755,-0.21205382,0.14915366
632,rQhZtZeh,0.088276945,0.22076523,0.41637814,-0.26188183,0.6565854
633,rapmok0w,-0.37361476,-0.12030761,-0.8362518,0.431229,-0.38305363
634,rgzfnPVu,0.06801915,0.10370221,0.65006393,-0.4148026,-0.51697195
635,ri4qhb1S,-0.3204634,-0.10610752,-0.39286715,-0.5474455,-0.56797063
636,rqpFYzff,-0.33204815,-0.1169286,-0.2950921,-0.41006607,0.17887108
637,rrs22coX,-0.21773788,0.06307932,0.06582683,-0.26474434,1.0772663
638,sEeUCQLc,-0.31697816,0.07477217,-0.4492688,-0.15193385,0.76586413
639,sHScwqQl,-0.18223,0.1310331,-0.11108619,-0.53349864,1.0245095
640,sNC7DiAt,-0.25964063,-0.032872844,-0.2965699,-0.34054643,0.66299593
641,sNK2TSs3,-0.19633302,0.116024286,0.2045171,-0.25639457,1.1353347
642,sO7Su6uw,-0.41500145,-0.1768401,-0.8905397,0.5497969,-0.44406742
643,sOWZx89o,-0.3666648,0.019932548,-0.5894475,-0.5316216,0.9641715
644,sPbRcPjC,0.40866992,0.38075373,0.016854264,1.042257,-0.7730396
645,scVUfTKI,0.08681387,-0.054568674,0.05817122,2.3610287,-0.5952792
646,seRaGeVv,-0.13931772,0.060738537,-0.19010612,-0.048929937,-0.3010316
647,sgtwiYWi,-0.3592415,-0.06463681,-0.87119067,-0.006802084,-0.6248683
648,sjmLHcT6,-0.29437986,-0.15166779,-0.13900752,-0.4057342,0.22890882
649,skZUZZGS,-0.17079139,0.06038868,-0.094270155,-0.11277291,0.26843756
650,suAmzADX,0.40719113,0.47282985,-0.6076539,3.8307292,-1.3492641
651,t4GWLqlO,0.66122115,0.15832354,1.3565466,-0.411778,-0.74690926
652,t7gy6Jyy,0.19523,-0.068083994,1.100483,-0.80530673,-0.44470513
653,tBadzH60,2.8905265,0.4344625,2.328222,0.71706706,-0.87225455
654,tXUWm0hp,-0.12103956,0.066079035,-0.4612714,0.51372623,-0.55901533
655,te6UPPxf,-0.4905437,-0.24882485,-0.8468103,-0.10015221,-0.70380884
656,ti2lamkL,0.39426947,0.21334463,0.75898933,-0.10031065,-0.7731593
657,tr0lpwuU,0.21161996,0.027506521,-0.92883426,4.249705,-1.2881085
658,ttdB5C73,-0.079021834,0.07054824,-0.053846575,-0.14672536,-0.40045652
659,twS8YZu9,-0.35449296,-0.08381934,-0.56750715,-0.70588565,-0.36282498
660,tx68W34H,-0.23855932,0.014059588,-0.77514076,1.763018,-0.7021588
661,tyQSX4mY,0.015505115,0.07183978,0.517162,-0.57599175,-0.5692831
662,tylKCRc0,-0.18154804,0.07961276,-0.37717775,-0.41320086,0.47632244
663,u1544WUo,-0.31138602,-0.08206557,-0.49838138,-0.5379156,-0.6675996
664,uAw9an0d,0.32758528,0.16214646,0.7056445,-0.090795174,-1.0142721
665,uLZAEXMG,2.7583218,0.45273593,2.104209,0.81028044,-1.0295519
666,uMwe1s7I,-0.17590658,-0.081876844,-0.86909664,1.9389329,-0.9700292
667,ufhGeV3q,-0.33792377,-0.11466298,-0.34739208,-0.41683373,0.18744108
668,uhAeGBHo,-0.23436876,-0.011547526,-0.60463023,1.3925558,-0.6157764
669,ujHNlqpw,1.8206098,0.40573928,1.8457415,0.61077064,-1.0109183
670,ulV6kuhB,-0.11736022,0.22600248,-0.09327352,-0.3554272,0.9956939
671,uohEnNEK,-0.40025482,-0.19183072,-1.11825,0.8448889,-0.8554345
672,v1lhA8I4,-0.37742493,-0.15600252,0.17988282,-0.7433223,1.5975868
673,v3JzigLI,-0.233165,-0.08220656,-0.22592916,-0.43738207,0.1225138
674,v5IwjyIg,-0.35753718,-0.10324348,-0.8916599,-0.210475,-1.0449368
675,v6lp5TK1,-0.10140036,0.12162896,0.43399933,-0.5348333,0.6774434
676,v8vOaaWq,-0.2918686,-0.0044329856,-0.6938872,0.38027883,0.020702124
677,vAYKtoil,-0.079720095,0.07133931,-0.77404445,0.74969774,-1.2124077
678,vGTNQa6G,3.0944793,0.555497,1.9357972,2.2117856,-0.76503736
679,vQzNxHoL,-0.494804,-0.24708666,-0.8573045,-0.40458003,-0.72739285
680,vfZGBUJm,-0.17946352,0.018929781,-0.3834697,0.014120011,-0.49589902
681,vlooVUoT,-0.049151104,0.1528187,-0.2861607,2.0447814,-0.5024135
682,vrACvd4O,-0.2052173,-0.010369703,-0.5709698,-0.034735456,-0.7358416
683,w8hdjLwb,-0.045655254,0.12045261,0.24479768,-0.41136366,0.18224405
684,wAntv4gH,0.82432616,0.34499106,1.1846805,-0.101273194,-0.10169559
685,wIUL09q0,-0.3865365,-0.18354723,-0.46894008,-0.48420298,-0.08164792
686,wOzx7Fgz,-0.22106317,0.016439572,-0.5013054,-0.34609663,-0.38340566
687,wPhjhCJQ,-0.3571937,0.047072563,-0.52617353,-0.35250616,1.2191486
688,wQSWWmYB,-0.22995204,-0.0196083,-0.15568884,-0.44776633,-0.1577521
689,wdIMrXwy,2.6453378,0.44934702,2.3394623,0.16701266,-0.7478598
690,wiL9npQc,-0.27399838,0.057330277,-0.33726618,-0.45734268,0.7106851
691,wnU95Cxn,2.307947,0.34406626,2.3579354,-0.23112491,-0.92355216
692,wpJbbjJs,0.42865592,0.27794802,0.61958116,0.44042787,-0.7162809
693,wsOWTAbI,0.71625763,0.26390374,0.14155501,2.007737,-0.8452552
694,wtdBcU3U,-0.3435483,-0.17079161,-0.48517758,-0.46343514,-0.29933292
695,wuKXVxOc,-0.3900518,-0.100511886,-0.69871217,-0.16541415,0.5834469
696,wyzadAt8,-0.35535923,0.12510006,-0.6336452,-0.6895397,1.3344184
697,wzaKzYwi,-0.11198624,-0.099962264,0.95575297,-0.60388404,0.63809335
698,x6GCk4EV,-0.09864607,0.21836744,-0.09776878,-0.44630674,0.9422643
699,x6lUi3vf,0.18315902,0.07732816,-0.28379315,1.4515613,-1.0040573
700,x8mwDHv9,-0.23456039,0.046641506,-0.38217327,-0.32990062,0.4109265
701,xIYm6puH,0.65751815,0.4167649,0.45131275,1.4176604,-0.93982804
702,xO6UdpsK,0.5274744,0.2987743,0.48227605,0.16311705,-0.81423026
703,xQ2bkOvj,-0.2938803,-0.16250312,-1.0623664,0.95504725,-0.95590144
704,xeXyDCEQ,2.8276455,0.6116747,1.99618,1.7876796,-1.0775565
705,xrggHziO,0.08176716,0.11483385,0.17355984,-0.044028938,-0.57189745
706,y1WMCmqQ,-0.3904444,-0.09151931,-0.7189127,-0.65292853,-0.31392005
707,yDngezhM,-0.3566238,-0.2101916,-0.33576903,-0.53149146,-0.40352514
708,yLiFjMD0,0.21618856,0.49095353,-0.0005856687,-0.17116772,0.8344343
709,ySwEBO7w,-0.4087369,-0.19441372,-0.7396824,0.14340216,-0.5876292
710,ydC9UsSm,-0.25624278,0.025385957,-0.77390116,0.5208813,-0.08570492
711,ydEG4VBd,-0.26276335,-0.025051001,-0.46501213,-0.24921148,-0.5361967
712,yf76yWXc,0.6847927,0.26520884,0.97223866,0.013623862,-0.7054028
713,yg70e63n,0.07137665,0.22170363,-0.31172973,0.57202077,-0.7163666
714,ywxtlSKv,-0.29142818,0.004238923,-0.9011162,-0.56253284,-0.9819927
715,yzKPQPOR,-0.22395422,-0.13159229,-0.9778773,1.3634553,-0.9976853
716,z5cnOnZ1,-0.32418272,-0.101669334,-0.71867144,-0.42859274,-0.6682638
717,zFLkOE0e,0.19701852,-0.0009831034,0.4469838,1.5203551,-0.6378146
718,zGi72mxL,0.043668065,0.11699075,-0.6422449,1.1734635,-1.1553633
719,zN925UV3,-0.18490979,-0.060232237,-0.522385,1.7232075,-0.62680745
720,zTy2ih7e,-0.45354027,-0.16934104,-0.7092903,-0.2987262,0.40756965
721,zVFzAutw,0.2557887,0.48618534,0.071270525,0.21079999,0.56862736
722,zYxNAkht,-0.2995397,-0.13138421,-0.18745407,-0.5178661,0.51647234
723,zaWDBai3,-0.060577214,0.22384399,-0.3481952,0.63704896,0.8579993
724,zg3u0Zsx,0.10228587,0.25110105,-0.16853596,0.6059055,-0.48300368
725,zlwLfdsS,-0.14135443,-0.06814854,-1.0671266,3.1692193,-1.0792133
726,zmbKzVfl,-0.3401522,-0.08525649,-0.6946788,0.85910887,-0.22644792
